,T,branch,NPP23,bsde,exact,br-time,NPP time,bsde time
0,0.05,-0.51842,-0.51873,-0.51875,-0.51874,32.05,30.93,241.79
1,0.10,-0.53767,-0.53744,-0.53747,-0.53743,41.55,44.20,229.27
2,0.15,-0.55464,-0.55603,-0.55606,-0.55601,47.10,53.40,230.72
3,0.20,-0.57162,-0.57449,-0.57453,-0.57444,59.41,72.89,229.94
4,0.25,-0.59134,-0.59271,-0.59290,-0.59267,82.72,97.70,236.88
5,0.30,-0.60703,-0.61064,-0.61092,-0.61064,116.99,137.16,232.98
6,0.35,-0.62471,-0.62822,-0.62894,-0.62832,122.22,145.63,238.96
7,0.40,-0.64061,-0.64567,-0.64597,-0.64566,140.68,165.44,229.67
8,0.45,-0.65912,-0.66218,-0.92878,-0.66262,159.65,188.95,234.04
9,0.50,-0.67349,-0.67871,-0.58457,-0.67918,200.95,210.98,241.17
