,T,branch,NPP23,bsde,exact,br-time,NPP time,bsde time
0,0.05,0.10506,0.10508,0.10508,0.10507,28.49,28.81,213.79
1,0.10,0.11040,0.11039,0.11042,0.11039,37.01,40.23,298.25
2,0.15,0.11605,0.11598,0.11604,0.11598,48.32,56.98,227.23
3,0.20,0.12178,0.12183,0.12444,0.12184,57.04,67.02,233.01
4,0.25,0.12796,0.12798,0.12819,0.12799,84.38,94.51,228.46
5,0.30,0.13446,0.13443,0.13474,0.13443,96.38,123.73,223.64
6,0.35,0.14110,0.14121,0.18271,0.14119,134.45,136.91,528.74
7,0.40,0.14825,0.14833,0.14884,0.14828,129.56,163.52,231.28
8,0.45,0.15584,0.15572,0.77944,0.15570,145.26,174.21,234.47
9,0.50,0.16350,0.16345,0.16443,0.16347,166.18,212.47,230.63
